genome_id,amoxicillin
573.18476,1
573.18477,1
